Total,æ—¥ä»˜,Year,Month,Weekday_name
43451,2019-02-01,2019,2,Friday
44277,2019-02-01,2019,2,Friday
48171,2019-02-02,2019,2,Saturday
50527,2019-02-02,2019,2,Saturday
45679,2019-02-03,2019,2,Sunday
43596,2019-02-03,2019,2,Sunday
42008,2019-02-04,2019,2,Monday
48147,2019-02-04,2019,2,Monday
39574,2019-02-05,2019,2,Tuesday
38548,2019-02-05,2019,2,Tuesday
39085,2019-02-06,2019,2,Wednesday
41115,2019-02-06,2019,2,Wednesday
36249,2019-02-07,2019,2,Thursday
38519,2019-02-07,2019,2,Thursday
41195,2019-02-08,2019,2,Friday
42520,2019-02-08,2019,2,Friday
42986,2019-02-09,2019,2,Saturday
42289,2019-02-09,2019,2,Saturday
40122,2019-02-10,2019,2,Sunday
42299,2019-02-10,2019,2,Sunday
37153,2019-02-11,2019,2,Monday
42218,2019-02-11,2019,2,Monday
40194,2019-02-12,2019,2,Tuesday
45983,2019-02-12,2019,2,Tuesday
41586,2019-02-13,2019,2,Wednesday
42892,2019-02-13,2019,2,Wednesday
37197,2019-02-14,2019,2,Thursday
42116,2019-02-14,2019,2,Thursday
40267,2019-02-15,2019,2,Friday
44198,2019-02-15,2019,2,Friday
38603,2019-02-16,2019,2,Saturday
43168,2019-02-16,2019,2,Saturday
37246,2019-02-17,2019,2,Sunday
46152,2019-02-17,2019,2,Sunday
37411,2019-02-18,2019,2,Monday
40296,2019-02-18,2019,2,Monday
41138,2019-02-19,2019,2,Tuesday
44296,2019-02-19,2019,2,Tuesday
34648,2019-02-20,2019,2,Wednesday
45887,2019-02-20,2019,2,Wednesday
39636,2019-02-21,2019,2,Thursday
43006,2019-02-21,2019,2,Thursday
37975,2019-02-22,2019,2,Friday
41264,2019-02-22,2019,2,Friday
42296,2019-02-23,2019,2,Saturday
40069,2019-02-23,2019,2,Saturday
40832,2019-02-24,2019,2,Sunday
42227,2019-02-24,2019,2,Sunday
41602,2019-02-25,2019,2,Monday
44183,2019-02-25,2019,2,Monday
39668,2019-02-26,2019,2,Tuesday
45866,2019-02-26,2019,2,Tuesday
45330,2019-02-27,2019,2,Wednesday
47195,2019-02-27,2019,2,Wednesday
49592,2019-02-28,2019,2,Thursday
47036,2019-02-28,2019,2,Thursday
48230,2019-03-01,2019,3,Friday
45236,2019-03-01,2019,3,Friday
43377,2019-03-02,2019,3,Saturday
46397,2019-03-02,2019,3,Saturday
44362,2019-03-03,2019,3,Sunday
43425,2019-03-03,2019,3,Sunday
44799,2019-03-04,2019,3,Monday
44236,2019-03-04,2019,3,Monday
42462,2019-03-05,2019,3,Tuesday
44469,2019-03-05,2019,3,Tuesday
43849,2019-03-06,2019,3,Wednesday
46280,2019-03-06,2019,3,Wednesday
46549,2019-03-07,2019,3,Thursday
44029,2019-03-07,2019,3,Thursday
41935,2019-03-08,2019,3,Friday
35659,2019-03-08,2019,3,Friday
43709,2019-03-09,2019,3,Saturday
43011,2019-03-09,2019,3,Saturday
42458,2019-03-10,2019,3,Sunday
42157,2019-03-10,2019,3,Sunday
47055,2019-03-11,2019,3,Monday
43005,2019-03-11,2019,3,Monday
45592,2019-03-12,2019,3,Tuesday
44164,2019-03-12,2019,3,Tuesday
45715,2019-03-13,2019,3,Wednesday
44677,2019-03-13,2019,3,Wednesday
43823,2019-03-14,2019,3,Thursday
42140,2019-03-14,2019,3,Thursday
46616,2019-03-15,2019,3,Friday
33710,2019-03-15,2019,3,Friday
46631,2019-03-16,2019,3,Saturday
35640,2019-03-16,2019,3,Saturday
40846,2019-03-17,2019,3,Sunday
37793,2019-03-17,2019,3,Sunday
41239,2019-03-18,2019,3,Monday
44060,2019-03-18,2019,3,Monday
41539,2019-03-19,2019,3,Tuesday
43257,2019-03-19,2019,3,Tuesday
36415,2019-03-20,2019,3,Wednesday
41356,2019-03-20,2019,3,Wednesday
44945,2019-03-21,2019,3,Thursday
39414,2019-03-21,2019,3,Thursday
43155,2019-03-22,2019,3,Friday
39630,2019-03-22,2019,3,Friday
36181,2019-03-23,2019,3,Saturday
38499,2019-03-23,2019,3,Saturday
36259,2019-03-24,2019,3,Sunday
43524,2019-03-24,2019,3,Sunday
39128,2019-03-25,2019,3,Monday
40724,2019-03-25,2019,3,Monday
41798,2019-03-26,2019,3,Tuesday
42199,2019-03-26,2019,3,Tuesday
35104,2019-03-27,2019,3,Wednesday
41864,2019-03-27,2019,3,Wednesday
38371,2019-03-28,2019,3,Thursday
36114,2019-03-28,2019,3,Thursday
43438,2019-03-29,2019,3,Friday
39202,2019-03-29,2019,3,Friday
39900,2019-03-30,2019,3,Saturday
39454,2019-03-30,2019,3,Saturday
40941,2019-03-31,2019,3,Sunday
44684,2019-03-31,2019,3,Sunday
49406,2019-04-01,2019,4,Monday
45133,2019-04-01,2019,4,Monday
45337,2019-04-02,2019,4,Tuesday
43317,2019-04-02,2019,4,Tuesday
43583,2019-04-03,2019,4,Wednesday
45336,2019-04-03,2019,4,Wednesday
46542,2019-04-04,2019,4,Thursday
46395,2019-04-04,2019,4,Thursday
43687,2019-04-05,2019,4,Friday
41174,2019-04-05,2019,4,Friday
45145,2019-04-06,2019,4,Saturday
41619,2019-04-06,2019,4,Saturday
41675,2019-04-07,2019,4,Sunday
46762,2019-04-07,2019,4,Sunday
45168,2019-04-08,2019,4,Monday
43129,2019-04-08,2019,4,Monday
43232,2019-04-09,2019,4,Tuesday
45049,2019-04-09,2019,4,Tuesday
43621,2019-04-10,2019,4,Wednesday
43733,2019-04-10,2019,4,Wednesday
44598,2019-04-11,2019,4,Thursday
43434,2019-04-11,2019,4,Thursday
41819,2019-04-12,2019,4,Friday
42171,2019-04-12,2019,4,Friday
43557,2019-04-13,2019,4,Saturday
36684,2019-04-13,2019,4,Saturday
42295,2019-04-14,2019,4,Sunday
42955,2019-04-14,2019,4,Sunday
44261,2019-04-15,2019,4,Monday
40218,2019-04-15,2019,4,Monday
43862,2019-04-16,2019,4,Tuesday
44104,2019-04-16,2019,4,Tuesday
44336,2019-04-17,2019,4,Wednesday
46867,2019-04-17,2019,4,Wednesday
39762,2019-04-18,2019,4,Thursday
42395,2019-04-18,2019,4,Thursday
39080,2019-04-19,2019,4,Friday
42960,2019-04-19,2019,4,Friday
38255,2019-04-20,2019,4,Saturday
40025,2019-04-20,2019,4,Saturday
37200,2019-04-21,2019,4,Sunday
42832,2019-04-21,2019,4,Sunday
43975,2019-04-22,2019,4,Monday
40035,2019-04-22,2019,4,Monday
45959,2019-04-23,2019,4,Tuesday
39800,2019-04-23,2019,4,Tuesday
44129,2019-04-24,2019,4,Wednesday
36627,2019-04-24,2019,4,Wednesday
49444,2019-04-25,2019,4,Thursday
40063,2019-04-25,2019,4,Thursday
47939,2019-04-26,2019,4,Friday
42758,2019-04-26,2019,4,Friday
50049,2019-04-27,2019,4,Saturday
36910,2019-04-27,2019,4,Saturday
41520,2019-04-28,2019,4,Sunday
42051,2019-04-28,2019,4,Sunday
42132,2019-04-29,2019,4,Monday
38984,2019-04-29,2019,4,Monday
41948,2019-04-30,2019,4,Tuesday
37557,2019-04-30,2019,4,Tuesday
37111,2019-05-01,2019,5,Wednesday
37466,2019-05-01,2019,5,Wednesday
40900,2019-05-02,2019,5,Thursday
39393,2019-05-02,2019,5,Thursday
37192,2019-05-03,2019,5,Friday
40848,2019-05-03,2019,5,Friday
38374,2019-05-04,2019,5,Saturday
41206,2019-05-04,2019,5,Saturday
40608,2019-05-05,2019,5,Sunday
41083,2019-05-05,2019,5,Sunday
40679,2019-05-06,2019,5,Monday
36959,2019-05-06,2019,5,Monday
47964,2019-05-07,2019,5,Tuesday
40233,2019-05-07,2019,5,Tuesday
39408,2019-05-08,2019,5,Wednesday
39602,2019-05-08,2019,5,Wednesday
45452,2019-05-09,2019,5,Thursday
45847,2019-05-09,2019,5,Thursday
46911,2019-05-10,2019,5,Friday
44059,2019-05-10,2019,5,Friday
46568,2019-05-11,2019,5,Saturday
44212,2019-05-11,2019,5,Saturday
39566,2019-05-12,2019,5,Sunday
43729,2019-05-12,2019,5,Sunday
44499,2019-05-13,2019,5,Monday
48779,2019-05-13,2019,5,Monday
41945,2019-05-14,2019,5,Tuesday
32569,2019-05-14,2019,5,Tuesday
48103,2019-05-15,2019,5,Wednesday
41044,2019-05-15,2019,5,Wednesday
47686,2019-05-16,2019,5,Thursday
40473,2019-05-16,2019,5,Thursday
44412,2019-05-17,2019,5,Friday
41823,2019-05-17,2019,5,Friday
41062,2019-05-18,2019,5,Saturday
40846,2019-05-18,2019,5,Saturday
40151,2019-05-19,2019,5,Sunday
37722,2019-05-19,2019,5,Sunday
40871,2019-05-20,2019,5,Monday
39883,2019-05-20,2019,5,Monday
40990,2019-05-21,2019,5,Tuesday
40222,2019-05-21,2019,5,Tuesday
42050,2019-05-22,2019,5,Wednesday
40273,2019-05-22,2019,5,Wednesday
41863,2019-05-23,2019,5,Thursday
43989,2019-05-23,2019,5,Thursday
42792,2019-05-24,2019,5,Friday
23738,2019-05-24,2019,5,Friday
39517,2019-05-25,2019,5,Saturday
44425,2019-05-25,2019,5,Saturday
43453,2019-05-26,2019,5,Sunday
39956,2019-05-26,2019,5,Sunday
38954,2019-05-27,2019,5,Monday
46,2019-05-27,2019,5,Monday
42060,2019-05-28,2019,5,Tuesday
44334,2019-05-28,2019,5,Tuesday
43134,2019-05-29,2019,5,Wednesday
40635,2019-05-29,2019,5,Wednesday
40924,2019-05-30,2019,5,Thursday
37491,2019-05-30,2019,5,Thursday
41991,2019-05-31,2019,5,Friday
43453,2019-05-31,2019,5,Friday
34768,2019-06-01,2019,6,Saturday
39584,2019-06-01,2019,6,Saturday
40395,2019-06-02,2019,6,Sunday
37860,2019-06-02,2019,6,Sunday
44389,2019-06-03,2019,6,Monday
41584,2019-06-03,2019,6,Monday
44483,2019-06-04,2019,6,Tuesday
46854,2019-06-04,2019,6,Tuesday
44232,2019-06-05,2019,6,Wednesday
51514,2019-06-05,2019,6,Wednesday
46149,2019-06-06,2019,6,Thursday
47506,2019-06-06,2019,6,Thursday
44695,2019-06-07,2019,6,Friday
50572,2019-06-07,2019,6,Friday
45122,2019-06-08,2019,6,Saturday
38890,2019-06-08,2019,6,Saturday
39915,2019-06-09,2019,6,Sunday
46147,2019-06-09,2019,6,Sunday
40697,2019-06-10,2019,6,Monday
47448,2019-06-10,2019,6,Monday
47256,2019-06-11,2019,6,Tuesday
39769,2019-06-11,2019,6,Tuesday
47047,2019-06-12,2019,6,Wednesday
42620,2019-06-12,2019,6,Wednesday
52499,2019-06-13,2019,6,Thursday
48167,2019-06-13,2019,6,Thursday
42911,2019-06-14,2019,6,Friday
49684,2019-06-14,2019,6,Friday
44759,2019-06-15,2019,6,Saturday
47581,2019-06-15,2019,6,Saturday
43271,2019-06-16,2019,6,Sunday
41897,2019-06-16,2019,6,Sunday
43070,2019-06-17,2019,6,Monday
43321,2019-06-17,2019,6,Monday
43207,2019-06-18,2019,6,Tuesday
42641,2019-06-18,2019,6,Tuesday
43134,2019-06-19,2019,6,Wednesday
41720,2019-06-19,2019,6,Wednesday
49453,2019-06-20,2019,6,Thursday
41040,2019-06-20,2019,6,Thursday
43540,2019-06-21,2019,6,Friday
43734,2019-06-21,2019,6,Friday
44840,2019-06-22,2019,6,Saturday
45788,2019-06-22,2019,6,Saturday
48648,2019-06-23,2019,6,Sunday
47093,2019-06-23,2019,6,Sunday
46671,2019-06-24,2019,6,Monday
51532,2019-06-24,2019,6,Monday
40293,2019-06-25,2019,6,Tuesday
46548,2019-06-25,2019,6,Tuesday
40431,2019-06-26,2019,6,Wednesday
50365,2019-06-26,2019,6,Wednesday
39643,2019-06-27,2019,6,Thursday
39598,2019-06-27,2019,6,Thursday
42587,2019-06-28,2019,6,Friday
46032,2019-06-28,2019,6,Friday
36305,2019-06-29,2019,6,Saturday
45510,2019-06-29,2019,6,Saturday
42552,2019-06-30,2019,6,Sunday
44786,2019-06-30,2019,6,Sunday
44059,2019-07-01,2019,7,Monday
45765,2019-07-01,2019,7,Monday
38398,2019-07-02,2019,7,Tuesday
44898,2019-07-02,2019,7,Tuesday
35840,2019-07-03,2019,7,Wednesday
46237,2019-07-03,2019,7,Wednesday
40039,2019-07-04,2019,7,Thursday
43810,2019-07-04,2019,7,Thursday
44615,2019-07-05,2019,7,Friday
46828,2019-07-05,2019,7,Friday
39225,2019-07-06,2019,7,Saturday
45588,2019-07-06,2019,7,Saturday
43625,2019-07-07,2019,7,Sunday
41027,2019-07-07,2019,7,Sunday
38241,2019-07-08,2019,7,Monday
45129,2019-07-08,2019,7,Monday
37793,2019-07-09,2019,7,Tuesday
47710,2019-07-09,2019,7,Tuesday
38974,2019-07-10,2019,7,Wednesday
41221,2019-07-10,2019,7,Wednesday
43020,2019-07-11,2019,7,Thursday
36486,2019-07-11,2019,7,Thursday
37684,2019-07-12,2019,7,Friday
46664,2019-07-12,2019,7,Friday
37597,2019-07-13,2019,7,Saturday
38936,2019-07-13,2019,7,Saturday
36828,2019-07-14,2019,7,Sunday
37872,2019-07-14,2019,7,Sunday
54022,2019-07-15,2019,7,Monday
41959,2019-07-15,2019,7,Monday
64059,2019-07-16,2019,7,Tuesday
57054,2019-07-16,2019,7,Tuesday
57816,2019-07-17,2019,7,Wednesday
56134,2019-07-17,2019,7,Wednesday
44871,2019-07-18,2019,7,Thursday
64284,2019-07-18,2019,7,Thursday
45219,2019-07-19,2019,7,Friday
46495,2019-07-19,2019,7,Friday
52120,2019-07-20,2019,7,Saturday
45809,2019-07-20,2019,7,Saturday
46194,2019-07-21,2019,7,Sunday
40556,2019-07-21,2019,7,Sunday
48582,2019-07-22,2019,7,Monday
42670,2019-07-22,2019,7,Monday
49858,2019-07-23,2019,7,Tuesday
46234,2019-07-23,2019,7,Tuesday
48472,2019-07-24,2019,7,Wednesday
45474,2019-07-24,2019,7,Wednesday
45761,2019-07-25,2019,7,Thursday
44324,2019-07-25,2019,7,Thursday
41883,2019-07-26,2019,7,Friday
39555,2019-07-26,2019,7,Friday
38920,2019-07-27,2019,7,Saturday
43261,2019-07-27,2019,7,Saturday
37175,2019-07-28,2019,7,Sunday
42337,2019-07-28,2019,7,Sunday
43424,2019-07-29,2019,7,Monday
40515,2019-07-29,2019,7,Monday
45980,2019-07-30,2019,7,Tuesday
41598,2019-07-30,2019,7,Tuesday
41457,2019-07-31,2019,7,Wednesday
47536,2019-07-31,2019,7,Wednesday
41129,2019-08-01,2019,8,Thursday
47597,2019-08-01,2019,8,Thursday
44375,2019-08-02,2019,8,Friday
44237,2019-08-02,2019,8,Friday
43243,2019-08-03,2019,8,Saturday
48058,2019-08-03,2019,8,Saturday
40110,2019-08-04,2019,8,Sunday
38470,2019-08-04,2019,8,Sunday
41374,2019-08-05,2019,8,Monday
41442,2019-08-05,2019,8,Monday
41075,2019-08-06,2019,8,Tuesday
44886,2019-08-06,2019,8,Tuesday
42999,2019-08-07,2019,8,Wednesday
43003,2019-08-07,2019,8,Wednesday
44388,2019-08-08,2019,8,Thursday
44428,2019-08-08,2019,8,Thursday
42440,2019-08-09,2019,8,Friday
37034,2019-08-09,2019,8,Friday
45722,2019-08-10,2019,8,Saturday
42612,2019-08-10,2019,8,Saturday
44847,2019-08-11,2019,8,Sunday
44948,2019-08-11,2019,8,Sunday
39728,2019-08-12,2019,8,Monday
42255,2019-08-12,2019,8,Monday
36974,2019-08-13,2019,8,Tuesday
41854,2019-08-13,2019,8,Tuesday
40728,2019-08-14,2019,8,Wednesday
36759,2019-08-14,2019,8,Wednesday
35940,2019-08-15,2019,8,Thursday
37572,2019-08-15,2019,8,Thursday
37951,2019-08-16,2019,8,Friday
37631,2019-08-16,2019,8,Friday
37488,2019-08-17,2019,8,Saturday
44851,2019-08-17,2019,8,Saturday
35157,2019-08-18,2019,8,Sunday
40018,2019-08-18,2019,8,Sunday
36887,2019-08-19,2019,8,Monday
40132,2019-08-19,2019,8,Monday
38413,2019-08-20,2019,8,Tuesday
42801,2019-08-20,2019,8,Tuesday
44018,2019-08-21,2019,8,Wednesday
42981,2019-08-21,2019,8,Wednesday
40588,2019-08-22,2019,8,Thursday
41408,2019-08-22,2019,8,Thursday
41658,2019-08-23,2019,8,Friday
41840,2019-08-23,2019,8,Friday
41183,2019-08-24,2019,8,Saturday
40578,2019-08-24,2019,8,Saturday
39218,2019-08-25,2019,8,Sunday
41764,2019-08-25,2019,8,Sunday
47542,2019-08-26,2019,8,Monday
20629,2019-08-26,2019,8,Monday
46921,2019-08-27,2019,8,Tuesday
38261,2019-08-27,2019,8,Tuesday
41849,2019-08-28,2019,8,Wednesday
42493,2019-08-28,2019,8,Wednesday
48630,2019-08-29,2019,8,Thursday
28733,2019-08-29,2019,8,Thursday
43623,2019-08-30,2019,8,Friday
45147,2019-08-30,2019,8,Friday
42401,2019-08-31,2019,8,Saturday
40299,2019-08-31,2019,8,Saturday
36924,2019-09-01,2019,9,Sunday
42201,2019-09-01,2019,9,Sunday
43775,2019-09-02,2019,9,Monday
39288,2019-09-02,2019,9,Monday
45963,2019-09-03,2019,9,Tuesday
49174,2019-09-03,2019,9,Tuesday
45479,2019-09-04,2019,9,Wednesday
47402,2019-09-04,2019,9,Wednesday
48358,2019-09-05,2019,9,Thursday
43810,2019-09-05,2019,9,Thursday
46191,2019-09-06,2019,9,Friday
45262,2019-09-06,2019,9,Friday
43403,2019-09-07,2019,9,Saturday
44193,2019-09-07,2019,9,Saturday
41470,2019-09-08,2019,9,Sunday
42432,2019-09-08,2019,9,Sunday
30402,2019-09-09,2019,9,Monday
24891,2019-09-09,2019,9,Monday
32936,2019-09-10,2019,9,Tuesday
45555,2019-09-10,2019,9,Tuesday
37275,2019-09-11,2019,9,Wednesday
41373,2019-09-11,2019,9,Wednesday
41843,2019-09-12,2019,9,Thursday
42758,2019-09-12,2019,9,Thursday
45229,2019-09-13,2019,9,Friday
44518,2019-09-13,2019,9,Friday
43146,2019-09-14,2019,9,Saturday
45475,2019-09-14,2019,9,Saturday
36147,2019-09-15,2019,9,Sunday
38188,2019-09-15,2019,9,Sunday
41200,2019-09-16,2019,9,Monday
43853,2019-09-16,2019,9,Monday
43665,2019-09-17,2019,9,Tuesday
47086,2019-09-17,2019,9,Tuesday
47143,2019-09-18,2019,9,Wednesday
41961,2019-09-18,2019,9,Wednesday
42431,2019-09-19,2019,9,Thursday
41958,2019-09-19,2019,9,Thursday
47363,2019-09-20,2019,9,Friday
41513,2019-09-20,2019,9,Friday
39101,2019-09-21,2019,9,Saturday
41471,2019-09-21,2019,9,Saturday
42019,2019-09-22,2019,9,Sunday
41402,2019-09-22,2019,9,Sunday
45391,2019-09-23,2019,9,Monday
44499,2019-09-23,2019,9,Monday
47701,2019-09-24,2019,9,Tuesday
46822,2019-09-24,2019,9,Tuesday
47061,2019-09-25,2019,9,Wednesday
43530,2019-09-25,2019,9,Wednesday
40763,2019-09-26,2019,9,Thursday
46904,2019-09-26,2019,9,Thursday
46298,2019-09-27,2019,9,Friday
45673,2019-09-27,2019,9,Friday
49453,2019-09-28,2019,9,Saturday
49398,2019-09-28,2019,9,Saturday
47988,2019-09-29,2019,9,Sunday
48305,2019-09-29,2019,9,Sunday
50122,2019-09-30,2019,9,Monday
48629,2019-09-30,2019,9,Monday
50964,2019-10-01,2019,10,Tuesday
48684,2019-10-01,2019,10,Tuesday
48319,2019-10-02,2019,10,Wednesday
47042,2019-10-02,2019,10,Wednesday
43586,2019-10-03,2019,10,Thursday
39218,2019-10-03,2019,10,Thursday
45248,2019-10-04,2019,10,Friday
46089,2019-10-04,2019,10,Friday
45492,2019-10-05,2019,10,Saturday
42625,2019-10-05,2019,10,Saturday
40349,2019-10-06,2019,10,Sunday
42712,2019-10-06,2019,10,Sunday
35891,2019-10-07,2019,10,Monday
39872,2019-10-07,2019,10,Monday
39260,2019-10-08,2019,10,Tuesday
35586,2019-10-08,2019,10,Tuesday
37525,2019-10-09,2019,10,Wednesday
40116,2019-10-09,2019,10,Wednesday
40360,2019-10-10,2019,10,Thursday
26533,2019-10-10,2019,10,Thursday
28017,2019-10-11,2019,10,Friday
46386,2019-10-11,2019,10,Friday
0,2019-10-12,2019,10,Saturday
3,2019-10-12,2019,10,Saturday
0,2019-10-13,2019,10,Sunday
0,2019-10-13,2019,10,Sunday
40352,2019-10-14,2019,10,Monday
28984,2019-10-14,2019,10,Monday
41844,2019-10-15,2019,10,Tuesday
40265,2019-10-15,2019,10,Tuesday
45519,2019-10-16,2019,10,Wednesday
43046,2019-10-16,2019,10,Wednesday
42291,2019-10-17,2019,10,Thursday
38788,2019-10-17,2019,10,Thursday
42873,2019-10-18,2019,10,Friday
41725,2019-10-18,2019,10,Friday
39149,2019-10-19,2019,10,Saturday
37803,2019-10-19,2019,10,Saturday
30420,2019-10-20,2019,10,Sunday
42255,2019-10-20,2019,10,Sunday
30706,2019-10-21,2019,10,Monday
32029,2019-10-21,2019,10,Monday
29166,2019-10-22,2019,10,Tuesday
39900,2019-10-22,2019,10,Tuesday
34907,2019-10-23,2019,10,Wednesday
39416,2019-10-23,2019,10,Wednesday
38419,2019-10-24,2019,10,Thursday
34141,2019-10-24,2019,10,Thursday
32060,2019-10-25,2019,10,Friday
43548,2019-10-25,2019,10,Friday
33377,2019-10-26,2019,10,Saturday
43023,2019-10-26,2019,10,Saturday
38814,2019-10-27,2019,10,Sunday
36945,2019-10-27,2019,10,Sunday
35442,2019-10-28,2019,10,Monday
40968,2019-10-28,2019,10,Monday
36489,2019-10-29,2019,10,Tuesday
39478,2019-10-29,2019,10,Tuesday
40907,2019-10-30,2019,10,Wednesday
42672,2019-10-30,2019,10,Wednesday
37368,2019-10-31,2019,10,Thursday
40368,2019-10-31,2019,10,Thursday
42461,2019-11-01,2019,11,Friday
40108,2019-11-01,2019,11,Friday
37875,2019-11-02,2019,11,Saturday
44604,2019-11-02,2019,11,Saturday
40337,2019-11-03,2019,11,Sunday
43493,2019-11-03,2019,11,Sunday
47853,2019-11-04,2019,11,Monday
45556,2019-11-04,2019,11,Monday
45401,2019-11-05,2019,11,Tuesday
48371,2019-11-05,2019,11,Tuesday
45978,2019-11-06,2019,11,Wednesday
40838,2019-11-06,2019,11,Wednesday
41894,2019-11-07,2019,11,Thursday
43252,2019-11-07,2019,11,Thursday
51018,2019-11-08,2019,11,Friday
47684,2019-11-08,2019,11,Friday
45703,2019-11-09,2019,11,Saturday
50872,2019-11-09,2019,11,Saturday
43780,2019-11-10,2019,11,Sunday
43738,2019-11-10,2019,11,Sunday
45056,2019-11-11,2019,11,Monday
45181,2019-11-11,2019,11,Monday
43234,2019-11-12,2019,11,Tuesday
45557,2019-11-12,2019,11,Tuesday
45702,2019-11-13,2019,11,Wednesday
46373,2019-11-13,2019,11,Wednesday
45798,2019-11-14,2019,11,Thursday
37853,2019-11-14,2019,11,Thursday
44147,2019-11-15,2019,11,Friday
48841,2019-11-15,2019,11,Friday
40083,2019-11-16,2019,11,Saturday
49057,2019-11-16,2019,11,Saturday
44324,2019-11-17,2019,11,Sunday
44342,2019-11-17,2019,11,Sunday
37150,2019-11-18,2019,11,Monday
43745,2019-11-18,2019,11,Monday
38394,2019-11-19,2019,11,Tuesday
42409,2019-11-19,2019,11,Tuesday
35375,2019-11-20,2019,11,Wednesday
41101,2019-11-20,2019,11,Wednesday
33202,2019-11-21,2019,11,Thursday
40308,2019-11-21,2019,11,Thursday
41579,2019-11-22,2019,11,Friday
36920,2019-11-22,2019,11,Friday
46862,2019-11-23,2019,11,Saturday
49709,2019-11-23,2019,11,Saturday
45895,2019-11-24,2019,11,Sunday
47944,2019-11-24,2019,11,Sunday
48595,2019-11-25,2019,11,Monday
50285,2019-11-25,2019,11,Monday
45026,2019-11-26,2019,11,Tuesday
43005,2019-11-26,2019,11,Tuesday
22982,2019-11-27,2019,11,Wednesday
46158,2019-11-27,2019,11,Wednesday
40134,2019-11-28,2019,11,Thursday
44021,2019-11-28,2019,11,Thursday
40876,2019-11-29,2019,11,Friday
42147,2019-11-29,2019,11,Friday
39770,2019-11-30,2019,11,Saturday
37679,2019-11-30,2019,11,Saturday
41534,2019-12-01,2019,12,Sunday
41355,2019-12-01,2019,12,Sunday
42240,2019-12-02,2019,12,Monday
41556,2019-12-02,2019,12,Monday
48425,2019-12-03,2019,12,Tuesday
44175,2019-12-03,2019,12,Tuesday
45565,2019-12-04,2019,12,Wednesday
40912,2019-12-04,2019,12,Wednesday
46912,2019-12-05,2019,12,Thursday
41241,2019-12-05,2019,12,Thursday
47006,2019-12-06,2019,12,Friday
43424,2019-12-06,2019,12,Friday
53146,2019-12-07,2019,12,Saturday
51473,2019-12-07,2019,12,Saturday
52588,2019-12-08,2019,12,Sunday
50789,2019-12-08,2019,12,Sunday
46663,2019-12-09,2019,12,Monday
44748,2019-12-09,2019,12,Monday
51320,2019-12-10,2019,12,Tuesday
50400,2019-12-10,2019,12,Tuesday
57718,2019-12-11,2019,12,Wednesday
49160,2019-12-11,2019,12,Wednesday
57530,2019-12-12,2019,12,Thursday
51268,2019-12-12,2019,12,Thursday
54252,2019-12-13,2019,12,Friday
53038,2019-12-13,2019,12,Friday
48596,2019-12-14,2019,12,Saturday
50575,2019-12-14,2019,12,Saturday
45730,2019-12-15,2019,12,Sunday
45126,2019-12-15,2019,12,Sunday
43255,2019-12-16,2019,12,Monday
45241,2019-12-16,2019,12,Monday
47352,2019-12-17,2019,12,Tuesday
50885,2019-12-17,2019,12,Tuesday
53194,2019-12-18,2019,12,Wednesday
50030,2019-12-18,2019,12,Wednesday
49823,2019-12-19,2019,12,Thursday
42587,2019-12-19,2019,12,Thursday
50805,2019-12-20,2019,12,Friday
47407,2019-12-20,2019,12,Friday
53391,2019-12-21,2019,12,Saturday
47752,2019-12-21,2019,12,Saturday
45451,2019-12-22,2019,12,Sunday
50185,2019-12-22,2019,12,Sunday
51398,2019-12-23,2019,12,Monday
51183,2019-12-23,2019,12,Monday
43492,2019-12-24,2019,12,Tuesday
54213,2019-12-24,2019,12,Tuesday
39890,2019-12-25,2019,12,Wednesday
48851,2019-12-25,2019,12,Wednesday
41664,2019-12-26,2019,12,Thursday
45921,2019-12-26,2019,12,Thursday
40141,2019-12-27,2019,12,Friday
36273,2019-12-27,2019,12,Friday
37938,2019-12-28,2019,12,Saturday
38104,2019-12-28,2019,12,Saturday
34114,2019-12-29,2019,12,Sunday
38142,2019-12-29,2019,12,Sunday
36574,2019-12-30,2019,12,Monday
34298,2019-12-30,2019,12,Monday
4985,2019-12-31,2019,12,Tuesday
30931,2019-12-31,2019,12,Tuesday
8625,2020-01-01,2020,1,Wednesday
3056,2020-01-01,2020,1,Wednesday
33256,2020-01-02,2020,1,Thursday
2999,2020-01-02,2020,1,Thursday
38993,2020-01-03,2020,1,Friday
35621,2020-01-03,2020,1,Friday
49001,2020-01-04,2020,1,Saturday
42573,2020-01-04,2020,1,Saturday
47175,2020-01-05,2020,1,Sunday
44171,2020-01-05,2020,1,Sunday
46618,2020-01-06,2020,1,Monday
39938,2020-01-06,2020,1,Monday
42553,2020-01-07,2020,1,Tuesday
47606,2020-01-07,2020,1,Tuesday
44396,2020-01-08,2020,1,Wednesday
43468,2020-01-08,2020,1,Wednesday
41858,2020-01-09,2020,1,Thursday
42720,2020-01-09,2020,1,Thursday
40700,2020-01-10,2020,1,Friday
41358,2020-01-10,2020,1,Friday
33807,2020-01-11,2020,1,Saturday
36645,2020-01-11,2020,1,Saturday
36894,2020-01-12,2020,1,Sunday
40815,2020-01-12,2020,1,Sunday
41113,2020-01-13,2020,1,Monday
43059,2020-01-13,2020,1,Monday
42474,2020-01-14,2020,1,Tuesday
46878,2020-01-14,2020,1,Tuesday
41101,2020-01-15,2020,1,Wednesday
46917,2020-01-15,2020,1,Wednesday
43587,2020-01-16,2020,1,Thursday
45565,2020-01-16,2020,1,Thursday
41808,2020-01-17,2020,1,Friday
43358,2020-01-17,2020,1,Friday
45101,2020-01-18,2020,1,Saturday
42840,2020-01-18,2020,1,Saturday
41289,2020-01-19,2020,1,Sunday
42974,2020-01-19,2020,1,Sunday
41093,2020-01-20,2020,1,Monday
44585,2020-01-20,2020,1,Monday
40541,2020-01-21,2020,1,Tuesday
42931,2020-01-21,2020,1,Tuesday
42832,2020-01-22,2020,1,Wednesday
47195,2020-01-22,2020,1,Wednesday
38154,2020-01-23,2020,1,Thursday
42069,2020-01-23,2020,1,Thursday
40060,2020-01-24,2020,1,Friday
44584,2020-01-24,2020,1,Friday
43381,2020-01-25,2020,1,Saturday
46405,2020-01-25,2020,1,Saturday
42568,2020-01-26,2020,1,Sunday
47836,2020-01-26,2020,1,Sunday
38948,2020-01-27,2020,1,Monday
45167,2020-01-27,2020,1,Monday
41341,2020-01-28,2020,1,Tuesday
41463,2020-01-28,2020,1,Tuesday
48012,2020-01-29,2020,1,Wednesday
44969,2020-01-29,2020,1,Wednesday
44324,2020-01-30,2020,1,Thursday
43331,2020-01-30,2020,1,Thursday
42823,2020-01-31,2020,1,Friday
50616,2020-01-31,2020,1,Friday
